ID,이름,브랜드,배정월,상태
jjihyeone,신지현,DV,25년8월,배정완료
minasong___,송민아,DV,25년8월,배정완료
douneo,김보미,DV,25년8월,배정완료
l.o.v.e.w.o.n,이예원,DV,25년8월,배정완료
see_nooon,신은지,DV,25년8월,배정완료
yougyeong_,강유경,DV,25년8월,배정완료
leanavvab,정리아,MLB,25년9월,배정완료
hellosaeeun,김새은,MLB,25년9월,배정완료
iamsezero,전세영,MLB,25년9월,배정완료
yoonseo,임윤서,MLB,25년9월,배정완료
0ki0h,류영하,MLB,25년9월,배정완료
juuuhana,이주원,MLB,25년9월,배정완료
owl_rachel_q.p,김레이첼유리,MLB,25년9월,배정완료
__ryeong,김진령,MLB,25년9월,배정완료
z___meme,김재은,MLB,25년9월,배정완료
364d_,박규언,MLB,25년9월,배정완료
mincccchaaaae,이민채,MLB,25년9월,배정완료
neul_e_.nong,유하늘,MLB,25년9월,배정완료
cherryquiri,이지현,MLB,25년9월,배정완료
__yuna.j__,정유나,MLB,25년9월,배정완료
dull_ouuo,오하영,MLB,25년9월,배정완료
jjjjjooooon_n,주예나,MLB,25년9월,배정완료
jjinii_,김지은,MLB,25년9월,배정완료
babyeeul,윤예을,MLB,25년9월,배정완료
sso_ix,임소희,MLB,25년9월,배정완료
wo.0z,김지우,MLB,25년9월,배정완료
se_yeon_2_,정세연,MLB,25년9월,배정완료
rlaalsbae,김민,MLB,25년9월,배정완료
cha_e_0,송채영,MLB,25년9월,배정완료
hwimm_,정휘민,MLB,25년9월,배정완료
cherrycolapong,김현명,MLB,25년9월,배정완료
ga_heee_,최가희,MLB,25년9월,배정완료
redlic_haeun95,한하은,MLB,25년9월,배정완료
__jin___jin__,김진희,MLB,25년9월,배정완료
_dawnlight._,전은지,MLB,25년9월,배정완료
yxuuzx,조유주,MLB,25년9월,배정완료
_seo._.hyuun,임서현,MLB,25년9월,배정완료
nnin.lna,홍민하,MLB,25년9월,배정완료
94_j.a,김정아,MLB,25년9월,배정완료
una_jung,정유나,MLB,25년9월,배정완료
dpwls2da,권예진,MLB,25년9월,배정완료
hyemmm1,송혜미,MLB,25년9월,배정완료
solwlyy,김소리,MLB,25년9월,배정완료
douneo,김보미,MLB,25년9월,배정완료
y0ugkxm,정유경,MLB,25년9월,배정완료
k_gh._e,김가희,MLB,25년9월,배정완료
xgyeon,이가연,MLB,25년9월,배정완료
soseo0404,김정현,MLB,25년9월,배정완료
hyo.ppeu,김효진,MLB,25년9월,배정완료
hyeon22222222,이정현,MLB,25년9월,배정완료
geanrosejam,서지안,MLB,25년9월,배정완료
luv_jayne,김정은,MLB,25년9월,배정완료
eun31_ch,이은채,MLB,25년9월,배정완료
kkyeongeun_,황보경은,MLB,25년9월,배정완료
1yeah_silver,한예은,MLB,25년9월,배정완료
dj_siena,박은경,MLB,25년9월,배정완료
_seong_hee,위성희,MLB,25년9월,배정완료
dj_siena,박은경,DX,25년9월,배정완료
hyeon22222222,이정현,DX,25년9월,배정완료
luv_jayne,김정은,DX,25년9월,배정완료
una_jung,정유나,DX,25년9월,배정완료
1yeah_silver,한예은,DX,25년9월,배정완료
kkyeongeun_,황보경은,DX,25년9월,배정완료
dpwls2da,권예진,DX,25년9월,배정완료
bemyoung,정선영,DX,25년9월,배정완료
_dawnlight._,전은지,DX,25년9월,배정완료
hanzyinxx,한지인,DX,25년9월,배정완료
xxi_zhen,남윤정,DX,25년9월,배정완료
azraelyoni,여연희,DV,25년9월,배정완료
7gd8r94hut7,김나영,DV,25년9월,배정완료
2pplee,이현정,DV,25년9월,배정완료
jeonjisu92,지수,DV,25년9월,배정완료
hoiinni,장효인,DV,25년9월,배정완료
jinsolllllllshin,신진솔,DV,25년9월,배정완료
pure_hwang,황지현,DV,25년9월,배정완료
_____sia__,이시아,DV,25년9월,배정완료
_srara,이스라,DV,25년9월,배정완료
esil__h,황은실,DV,25년9월,배정완료
babysoo_,박수현,DV,25년9월,배정완료
rammi.k,김보라미,DV,25년9월,배정완료
jyoun__56,최지원,ST,25년9월,배정완료
ming._.ee,김민지,ST,25년9월,배정완료
_xlluvia,권시우,ST,25년9월,배정완료
guswnguddn,노현주,ST,25년9월,배정완료
seo_lovlov,안민서,ST,25년9월,배정완료
26i_woo,남하린,ST,25년9월,배정완료
mallow_ksy,김소연,ST,25년9월,배정완료
nyny0226,김나영,ST,25년9월,배정완료
xxixu._,박지수,ST,25년9월,배정완료
seo2yun,서윤경,ST,25년9월,배정완료
k_yoooon,김윤경,ST,25년9월,배정완료
___xeri,전혜리,ST,25년9월,배정완료
snowyeunmin,설연민,ST,25년9월,배정완료
h._cherish,한비야,ST,25년9월,배정완료
kimga_green,김가영,ST,25년9월,배정완료
yunziyoung,윤지영,ST,25년9월,배정완료
hyanggggg_,정향,ST,25년9월,배정완료
suexsoo,김수,ST,25년9월,배정완료
jin._.loveu,정예진,ST,25년9월,배정완료
lucia_yang_,양채림,ST,25년9월,배정완료
soheee._.y,김소희,ST,25년9월,배정완료
zeunique_,김지은,ST,25년9월,배정완료
yeahjeans_,김예진,ST,25년9월,배정완료
bb.se2_,이서원,ST,25년9월,배정완료
y0ugkxm,정유경,ST,25년9월,배정완료
hyemmm1,송혜미,ST,25년9월,배정완료
eun31_ch,이은채,ST,25년9월,배정완료
dpwls2da,권예진,ST,25년9월,배정완료
geanrosejam,서지안,ST,25년9월,배정완료
kkyeongeun_,황보경은,ST,25년9월,배정완료
k_gh._e,김가희,ST,25년9월,배정완료
bemyoung,정선영,ST,25년9월,배정완료
_seong_hee,위성희,ST,25년9월,배정완료
___solvely___,한기솔,ST,25년9월,배정완료
nnin.lna,홍민하,ST,25년9월,배정완료
_seo._.hyuun,임서현,ST,25년9월,배정완료
94_j.a,김정아,ST,25년9월,배정완료
__jin___jin__,김진희,ST,25년9월,배정완료
hyo.ppeu,김효진,ST,25년9월,배정완료
gxlxae,양가은,ST,25년9월,배정완료
yxuuzx,조유주,ST,25년9월,배정완료
7gd8r94hut7,김나영,ST,25년9월,배정완료
2pplee,이현정,ST,25년9월,배정완료
or.8ro,전재경,ST,25년9월,배정완료
yoayea,신예아,ST,25년9월,배정완료
hinew.me,유미,ST,25년9월,배정완료
jinsolllllllshin,신진솔,ST,25년9월,배정완료
leanavvab,정리아,MLB,25년10월,배정완료
hellosaeeun,김새은,MLB,25년10월,배정완료
iamsezero,전세영,MLB,25년10월,배정완료
yoonseo,임윤서,MLB,25년10월,배정완료
0ki0h,류영하,MLB,25년10월,배정완료
juuuhana,이주원,MLB,25년10월,배정완료
owl_rachel_q.p,김레이첼유리,MLB,25년10월,배정완료
__ryeong,김진령,MLB,25년10월,배정완료
z___meme,김재은,MLB,25년10월,배정완료
364d_,박규언,MLB,25년10월,배정완료
mincccchaaaae,이민채,MLB,25년10월,배정완료
neul_e_.nong,유하늘,MLB,25년10월,배정완료
cherryquiri,이지현,MLB,25년10월,배정완료
__yuna.j__,정유나,MLB,25년10월,배정완료
dull_ouuo,오하영,MLB,25년10월,배정완료
jjjjjooooon_n,주예나,MLB,25년10월,배정완료
jjinii_,김지은,MLB,25년10월,배정완료
babyeeul,윤예을,MLB,25년10월,배정완료
sso_ix,임소희,MLB,25년10월,배정완료
wo.0z,김지우,MLB,25년10월,배정완료
se_yeon_2_,정세연,MLB,25년10월,배정완료
rlaalsbae,김민,MLB,25년10월,배정완료
cha_e_0,송채영,MLB,25년10월,배정완료
hwimm_,정휘민,MLB,25년10월,배정완료
cherrycolapong,김현명,MLB,25년10월,배정완료
ga_heee_,최가희,MLB,25년10월,배정완료
bemyoung,정선영,MLB,25년10월,배정완료
avecqmour,전연주,MLB,25년10월,배정완료
hajeewon_,하지원,MLB,25년10월,배정완료
__me__ne,정민혜,MLB,25년10월,배정완료
lloh2r,김해나,MLB,25년10월,배정완료
minasong___,송민아,MLB,25년10월,배정완료
merelyenny,최예은,MLB,25년10월,배정완료
l.o.v.e.w.o.n,이예원,MLB,25년10월,배정완료
joohw_vp,주혜원,MLB,25년10월,배정완료
paniikim,김서영,MLB,25년10월,배정완료
sooooorok,이수민,MLB,25년10월,배정완료
see_nooon,신은지,MLB,25년10월,배정완료
damagozii,송윤지,MLB,25년10월,배정완료
nuribiim,누리,MLB,25년10월,배정완료
3.3.c,김지현,MLB,25년10월,배정완료
yougyeong_,강유경,MLB,25년10월,배정완료
xxi_zhen,남윤정,MLB,25년10월,배정완료
yunwisd0m,윤지혜,MLB,25년10월,배정완료
youuuuuume,손유미,MLB,25년10월,배정완료
parkxunxu,박선유,MLB,25년10월,배정완료
babysoo_,박수현,MLB,25년10월,배정완료
hanzyinxx,한지인,MLB,25년10월,배정완료
___solvely___,한기솔,MLB,25년10월,배정완료
redlic_haeun95,한하은,MLB,25년10월,배정완료
soyeonxnz,노소연,MLB,25년10월,배정완료
_chaeny__,김채연,MLB,25년10월,배정완료
kimzhyeon,김지현,MLB,25년10월,배정완료
la6vish,현빈,MLB,25년10월,배정완료
esil__h,황은실,MLB,25년10월,배정완료
tweetysummer,조민지,MLB,25년10월,배정완료
alswlii,신민지,MLB,25년10월,배정완료
baejiane,배현지,MLB,25년10월,배정완료
xxongppeu,송서우,MLB,25년10월,배정완료
bywonyy,박지원,MLB,25년10월,배정완료
le.ciel_s,이하늘,MLB,25년10월,배정완료
or.8ro,전재경,MLB,25년10월,배정완료
itsmerrsha,윤혜원,MLB,25년10월,배정완료
kim.shony,김선화,MLB,25년10월,배정완료
jiminnx_,정지민,MLB,25년10월,배정완료
dggggggggyu_,이동규,MLB,25년10월,배정완료
pipibora,김보라,MLB,25년10월,배정완료
goori.xx,구리,MLB,25년10월,배정완료
wonchichi,원혜진,MLB,25년10월,배정완료
younghjhj,양혜작,MLB,25년10월,배정완료
_hyerimood_,이혜림,MLB,25년10월,배정완료
dandell_e,신다영,MLB,25년10월,배정완료
yulriee,최은지,MLB,25년10월,배정완료
chalaals,조민정,MLB,25년10월,배정완료
miosaysmiao,이미희,MLB,25년10월,배정완료
einzxy,홍재이,MLB,25년10월,배정완료
nuribiim,누리,DX,25년10월,배정완료
damagozii,송윤지,DX,25년10월,배정완료
sooooorok,이수민,DX,25년10월,배정완료
lloh2r,김해나,DX,25년10월,배정완료
soyeonxnz,노소연,DX,25년10월,배정완료
solwlyy,김소리,DX,25년10월,배정완료
__me__ne,정민혜,DX,25년10월,배정완료
yunwisd0m,윤지혜,DX,25년10월,배정완료
veryzoey,박은서,DX,25년10월,배정완료
la6vish,현빈,DX,25년10월,배정완료
jeyilly,허재이,DX,25년10월,배정완료
youuuuuume,손유미,DX,25년10월,배정완료
parkxunxu,박선유,DX,25년10월,배정완료
joohw_vp,주혜원,DX,25년10월,배정완료
jeonjisu92,지수,DX,25년10월,배정완료
tweetysummer,조민지,DX,25년10월,배정완료
alswlii,신민지,DX,25년10월,배정완료
xxongppeu,송서우,DX,25년10월,배정완료
Yuuxeun,신유은,DX,25년10월,배정완료
_____sia__,이시아,DX,25년10월,배정완료
bywonyy,박지원,DX,25년10월,배정완료
hinew.me,유미,DX,25년10월,배정완료
j_u_n_g_22222,유소정,DX,25년10월,배정완료
merelyenny,최예은,DX,25년10월,배정완료
gilllmin,길민수,DX,25년10월,배정완료
dahaechoidaki,최다혜,DX,25년10월,배정완료
mori.u,김유모리,DX,25년10월,배정완료
Noooooooju,노주영,DX,25년10월,배정완료
soeziyu,서지유,DX,25년10월,배정완료
sonmjin,손미진,DX,25년10월,배정완료
y.05_06,김연희,DX,25년10월,배정완료
kimzhyeon,김지현,DX,25년10월,배정완료
zara_jin,황현진,DX,25년10월,배정완료
keemhyohyun,김효은,DX,25년10월,배정완료
chowk,조우경,DX,25년10월,배정완료
0.xxyn,김유나,DX,25년10월,배정완료
nnalovendlessly,JARGALSAIKHAN NAMUUN,DX,25년10월,배정완료
jkeely_,윤지원,DX,25년10월,배정완료
chalaals,조민정,DX,25년10월,배정완료
_hh_hada,정환희,DX,25년10월,배정완료
dandell_e,신다영,DX,25년10월,배정완료
miosaysmiao,이미희,DX,25년10월,배정완료
moooniopens,김문희,DX,25년10월,배정완료
goori.xx,구리,DX,25년10월,배정완료
su.rys,김수정,DX,25년10월,배정완료
zizizizizizizil,한지은,DX,25년10월,배정완료
einzxy,홍재이,DX,25년10월,배정완료
pipibora,김보라,DX,25년10월,배정완료
songhauu,유송하,DX,25년10월,배정완료
dggggggggyu_,이동규,DX,25년10월,배정완료
gonghapark,박공하,DX,25년10월,배정완료
jjekkany,김현제,DX,25년10월,배정완료
le.ciel_s,이하늘,DX,25년10월,배정완료
173.01,이진주,DX,25년10월,배정완료
jidue_,김지수,DX,25년10월,배정완료
Errdayoung,박지영,DX,25년10월,배정완료
kim.shony,김선화,DX,25년10월,배정완료
yoayea,신예아,DV,25년10월,배정완료
sonmjin,손미진,DV,25년10월,배정완료
y.05_06,김연희,DV,25년10월,배정완료
m00__n,문자은,DV,25년10월,배정완료
dohappyday,이도하,DV,25년10월,배정완료
gilllmin,길민수,DV,25년10월,배정완료
eunbeee__,조은비,DV,25년10월,배정완료
nae.ri_,장내리,DV,25년10월,배정완료
zinniiia_______,채유진,DV,25년10월,배정완료
hyobeeen_,한효빈,DV,25년10월,배정완료
ssonggram,송서미,DV,25년10월,배정완료
eunbnim,문은비,DV,25년10월,배정완료
jkeely_,윤지원,DV,25년10월,배정완료
c_eeeun,이채은,DV,25년10월,배정완료
jeooongmirae,정미래,DV,25년10월,배정완료
unetine__,조은해,DV,25년10월,배정완료
ariuhx,남희라,DV,25년10월,배정완료
kimxeul,김슬기,DV,25년10월,배정완료
nnalovendlessly,JARGALSAIKHAN NAMUUN,DV,25년10월,배정완료
_haeeden,양윤지,DV,25년10월,배정완료
2ppi,윤가혜,DV,25년10월,배정완료
0.xxyn,김유나,DV,25년10월,배정완료
yuleumn,차정빈,DV,25년10월,배정완료
songhauu,유송하,DV,25년10월,배정완료
bb.se2_,이서원,ST,25년10월,배정완료
hyanggggg_,정향,ST,25년10월,배정완료
seo2yun,서윤경,ST,25년10월,배정완료
k_yoooon,김윤경,ST,25년10월,배정완료
___xeri,전혜리,ST,25년10월,배정완료
snowyeunmin,설연민,ST,25년10월,배정완료
h._cherish,한비야,ST,25년10월,배정완료
kimga_green,김가영,ST,25년10월,배정완료
yunziyoung,윤지영,ST,25년10월,배정완료
jyoun__56,최지원,ST,25년10월,배정완료
ming._.ee,김민지,ST,25년10월,배정완료
_xlluvia,권시우,ST,25년10월,배정완료
guswnguddn,노현주,ST,25년10월,배정완료
seo_lovlov,안민서,ST,25년10월,배정완료
26i_woo,남하린,ST,25년10월,배정완료
mallow_ksy,김소연,ST,25년10월,배정완료
nyny0226,김나영,ST,25년10월,배정완료
xxixu._,박지수,ST,25년10월,배정완료
soheee._.y,김소희,ST,25년10월,배정완료
lucia_yang_,양채림,ST,25년10월,배정완료
yeahjeans_,김예진,ST,25년10월,배정완료
zeunique_,김지은,ST,25년10월,배정완료
jin._.loveu,정예진,ST,25년10월,배정완료
suexsoo,김수,ST,25년10월,배정완료
hoiinni,장효인,ST,25년10월,배정완료
pure_hwang,황지현,ST,25년10월,배정완료
paniikim,김서영,ST,25년10월,배정완료
3.3.c,김지현,ST,25년10월,배정완료
jjihyeone,신지현,ST,25년10월,배정완료
ovxiiii,박수빈,ST,25년10월,배정완료
my_juuu_,조민주,ST,25년10월,배정완료
hajeewon_,하지원,ST,25년10월,배정완료
avecqmour,전연주,ST,25년10월,배정완료
_chaeny__,김채연,ST,25년10월,배정완료
soseo0404,김정현,ST,25년10월,배정완료
xgyeon,이가연,ST,25년10월,배정완료
bywonyy,박지원,ST,25년10월,배정완료
Yuuxeun,신유은,ST,25년10월,배정완료
baejiane,배현지,ST,25년10월,배정완료
tweetysummer,조민지,ST,25년10월,배정완료
seoha.u,엄서하,ST,25년10월,배정완료
youuuuuume,손유미,ST,25년10월,배정완료
goyijin_,고이진,ST,25년10월,배정완료
mingddo_h,홍민정,ST,25년10월,배정완료
flamme.ji,윤헤지,ST,25년10월,배정완료
Errdayoung,박지영,ST,25년10월,배정완료
jidue_,김지수,ST,25년10월,배정완료
leanavvab,정리아,MLB,25년11월,배정완료
hellosaeeun,김새은,MLB,25년11월,배정완료
iamsezero,전세영,MLB,25년11월,배정완료
yoonseo,임윤서,MLB,25년11월,배정완료
0ki0h,류영하,MLB,25년11월,배정완료
juuuhana,이주원,MLB,25년11월,배정완료
owl_rachel_q.p,김레이첼유리,MLB,25년11월,배정완료
__ryeong,김진령,MLB,25년11월,배정완료
z___meme,김재은,MLB,25년11월,배정완료
364d_,박규언,MLB,25년11월,배정완료
mincccchaaaae,이민채,MLB,25년11월,배정완료
neul_e_.nong,유하늘,MLB,25년11월,배정완료
cherryquiri,이지현,MLB,25년11월,배정완료
__yuna.j__,정유나,MLB,25년11월,배정완료
dull_ouuo,오하영,MLB,25년11월,배정완료
jjjjjooooon_n,주예나,MLB,25년11월,배정완료
ovxiiii,박수빈,MLB,25년11월,배정완료
my_juuu_,조민주,MLB,25년11월,배정완료
sso_ix,임소희,MLB,25년11월,배정완료
wo.0z,김지우,MLB,25년11월,배정완료
cherrycolapong,김현명,MLB,25년11월,배정완료
jeyilly,허재이,MLB,25년11월,배정완료
se_yeon_2_,정세연,MLB,25년11월,배정완료
seoha.u,엄서하,MLB,25년11월,배정완료
cha_e_0,송채영,MLB,25년11월,배정완료
veryzoey,박은서,MLB,25년11월,배정완료
kimbomiz,김보미,MLB,25년11월,배정완료
hwimm_,정휘민,MLB,25년11월,배정완료
jjinii_,김지은,MLB,25년11월,배정완료
ga_heee_,최가희,MLB,25년11월,배정완료
zara_jin,황현진,MLB,25년11월,배정완료
keemhyohyun,김효은,MLB,25년11월,배정완료
binibininnn,정선빈,MLB,25년11월,배정완료
2eesangah,이상아,MLB,25년11월,배정완료
rimmmy2,림,MLB,25년11월,배정완료
chowk,조우경,MLB,25년11월,배정완료
rlaalsbae,김민,MLB,25년11월,배정완료
j_u_n_g_22222,유소정,MLB,25년11월,배정완료
babyeeul,윤예을,MLB,25년11월,배정완료
yxuuzx,조유주,MLB,25년11월,배정완료
94_j.a,김정아,MLB,25년11월,배정완료
__jin___jin__,김진희,MLB,25년11월,배정완료
hyo.ppeu,김효진,MLB,25년11월,배정완료
hyeon22222222,이정현,MLB,25년11월,배정완료
geanrosejam,서지안,MLB,25년11월,배정완료
redlic_haeun95,한하은,MLB,25년11월,배정완료
gxlxae,양가은,MLB,25년11월,배정완료
nnin.lna,홍민하,MLB,25년11월,배정완료
dj_siena,박은경,MLB,25년11월,배정완료
___solvely___,한기솔,MLB,25년11월,배정완료
_seong_hee,위성희,MLB,25년11월,배정완료
_seo._.hyuun,임서현,MLB,25년11월,배정완료
hajeewon_,하지원,MLB,25년11월,배정완료
avecqmour,전연주,MLB,25년11월,배정완료
xxi_zhen,남윤정,MLB,25년11월,배정완료
_chaeny__,김채연,MLB,25년11월,배정완료
minasong___,송민아,MLB,25년11월,배정완료
lloh2r,김해나,MLB,25년11월,배정완료
soyeonxnz,노소연,MLB,25년11월,배정완료
solwlyy,김소리,MLB,25년11월,배정완료
bemyoung,정선영,MLB,25년11월,배정완료
__me__ne,정민혜,MLB,25년11월,배정완료
soseo0404,김정현,MLB,25년11월,배정완료
xgyeon,이가연,MLB,25년11월,배정완료
k_gh._e,김가희,MLB,25년11월,배정완료
y0ugkxm,정유경,MLB,25년11월,배정완료
douneo,김보미,MLB,25년11월,배정완료
_dawnlight._,전은지,MLB,25년11월,배정완료
hyemmm1,송혜미,MLB,25년11월,배정완료
dpwls2da,권예진,MLB,25년11월,배정완료
una_jung,정유나,MLB,25년11월,배정완료
1yeah_silver,한예은,MLB,25년11월,배정완료
kkyeongeun_,황보경은,MLB,25년11월,배정완료
eun31_ch,이은채,MLB,25년11월,배정완료
luv_jayne,김정은,MLB,25년11월,배정완료
yougyeong_,강유경,MLB,25년11월,배정완료
nae.ri_,장내리,DX,25년11월,배정완료
rammi.k,김보라미,DX,25년11월,배정완료
flamme.ji,윤헤지,DX,25년11월,배정완료
mingddo_h,홍민정,DX,25년11월,배정완료
azraelyoni,여연희,DX,25년11월,배정완료
goyijin_,고이진,DX,25년11월,배정완료
itsmerrsha,윤혜원,DX,25년11월,배정완료
eun31_ch,이은채,DX,25년11월,배정완료
dj_siena,박은경,DX,25년11월,배정완료
__jin___jin__,김진희,DX,25년11월,배정완료
hyeon22222222,이정현,DX,25년11월,배정완료
gxlxae,양가은,DX,25년11월,배정완료
yxuuzx,조유주,DX,25년11월,배정완료
hyemmm1,송혜미,DX,25년11월,배정완료
luv_jayne,김정은,DX,25년11월,배정완료
xgyeon,이가연,DX,25년11월,배정완료
__me__ne,정민혜,DX,25년11월,배정완료
solwlyy,김소리,DX,25년11월,배정완료
soyeonxnz,노소연,DX,25년11월,배정완료
lloh2r,김해나,DX,25년11월,배정완료
minasong___,송민아,DX,25년11월,배정완료
_chaeny__,김채연,DX,25년11월,배정완료
xxi_zhen,남윤정,DX,25년11월,배정완료
avecqmour,전연주,DX,25년11월,배정완료
dpwls2da,권예진,DX,25년11월,배정완료
kkyeongeun_,황보경은,DX,25년11월,배정완료
1yeah_silver,한예은,DX,25년11월,배정완료
una_jung,정유나,DX,25년11월,배정완료
douneo,김보미,DX,25년11월,배정완료
_dawnlight._,전은지,DX,25년11월,배정완료
bemyoung,정선영,DX,25년11월,배정완료
see_nooon,신은지,DX,25년11월,배정완료
merelyenny,최예은,DX,25년11월,배정완료
l.o.v.e.w.o.n,이예원,DX,25년11월,배정완료
joohw_vp,주혜원,DX,25년11월,배정완료
youuuuuume,손유미,DX,25년11월,배정완료
parkxunxu,박선유,DX,25년11월,배정완료
babysoo_,박수현,DX,25년11월,배정완료
jeyilly,허재이,DX,25년11월,배정완료
yunwisd0m,윤지혜,DX,25년11월,배정완료
kimbomiz,김보미,DX,25년11월,배정완료
veryzoey,박은서,DX,25년11월,배정완료
j_u_n_g_22222,유소정,DX,25년11월,배정완료
esil__h,황은실,DX,25년11월,배정완료
la6vish,현빈,DX,25년11월,배정완료
baejiane,배현지,DX,25년11월,배정완료
tweetysummer,조민지,DX,25년11월,배정완료
jeonjisu92,지수,DX,25년11월,배정완료
hoiinni,장효인,DX,25년11월,배정완료
alswlii,신민지,DX,25년11월,배정완료
xxongppeu,송서우,DX,25년11월,배정완료
Yuuxeun,신유은,DX,25년11월,배정완료
bywonyy,박지원,DX,25년11월,배정완료
pure_hwang,황지현,DX,25년11월,배정완료
_____sia__,이시아,DX,25년11월,배정완료
yoayea,신예아,DX,25년11월,배정완료
hajeewon_,하지원,DX,25년11월,배정완료
sooooorok,이수민,DX,25년11월,배정완료
nuribiim,누리,DX,25년11월,배정완료
damagozii,송윤지,DX,25년11월,배정완료
jjihyeone,신지현,DX,25년11월,배정완료
yougyeong_,강유경,DX,25년11월,배정완료
hanzyinxx,한지인,DX,25년11월,배정완료
zizizizizizizil,한지은,DX,25년11월,배정완료
kimzhyeon,김지현,DX,25년11월,배정완료
7gd8r94hut7,김나영,DX,25년11월,배정완료
2pplee,이현정,DX,25년11월,배정완료
hinew.me,유미,DX,25년11월,배정완료
jinsolllllllshin,신진솔,DX,25년11월,배정완료
or.8ro,전재경,DX,25년11월,배정완료
kim.shony,김선화,DX,25년11월,배정완료
jidue_,김지수,DX,25년11월,배정완료
173.01,이진주,DX,25년11월,배정완료
chae__rang,채랑,DX,25년11월,배정완료
unakyom,유나겸,DX,25년11월,배정완료
jjekkany,김현제,DX,25년11월,배정완료
le.ciel_s,이하늘,DX,25년11월,배정완료
gonghapark,박공하,DX,25년11월,배정완료
Errdayoung,박지영,DX,25년11월,배정완료
jiminnx_,정지민,DX,25년11월,배정완료
pipibora,김보라,DX,25년11월,배정완료
igluskcab,박지은,DX,25년11월,배정완료
songhauu,유송하,DX,25년11월,배정완료
goori.xx,구리,DX,25년11월,배정완료
younghjhj,양혜작,DX,25년11월,배정완료
igluskcab,박지은,DV,25년11월,배정완료
unakyom,유나겸,DV,25년11월,배정완료
soeziyu,서지유,DV,25년11월,배정완료
Noooooooju,노주영,DV,25년11월,배정완료
dahaechoidaki,최다혜,DV,25년11월,배정완료
onehylove_,최현아,DV,25년11월,배정완료
mori.u,김유모리,DV,25년11월,배정완료
haeminik,권해민,DV,25년11월,배정완료
chae__rang,채랑,DV,25년11월,배정완료
dpwls2da,권예진,DV,25년11월,배정완료
gxlxae,양가은,DV,25년11월,배정완료
babysoo_,박수현,DV,25년11월,배정완료
kimbomiz,김보미,DV,25년11월,배정완료
esil__h,황은실,DV,25년11월,배정완료
_srara,이스라,DV,25년11월,배정완료
tweetysummer,조민지,DV,25년11월,배정완료
bywonyy,박지원,DV,25년11월,배정완료
pure_hwang,황지현,DV,25년11월,배정완료
kkyeongeun_,황보경은,DV,25년11월,배정완료
douneo,김보미,DV,25년11월,배정완료
bemyoung,정선영,DV,25년11월,배정완료
minasong___,송민아,DV,25년11월,배정완료
jjihyeone,신지현,DV,25년11월,배정완료
yougyeong_,강유경,DV,25년11월,배정완료
see_nooon,신은지,DV,25년11월,배정완료
l.o.v.e.w.o.n,이예원,DV,25년11월,배정완료
youuuuuume,손유미,DV,25년11월,배정완료
173.01,이진주,ST,25년11월,배정완료
chae__rang,채랑,ST,25년11월,배정완료
unakyom,유나겸,ST,25년11월,배정완료
jjekkany,김현제,ST,25년11월,배정완료
gonghapark,박공하,ST,25년11월,배정완료
jiminnx_,정지민,ST,25년11월,배정완료
igluskcab,박지은,ST,25년11월,배정완료
younghjhj,양혜작,ST,25년11월,배정완료
su.rys,김수정,ST,25년11월,배정완료
moooniopens,김문희,ST,25년11월,배정완료
_hh_hada,정환희,ST,25년11월,배정완료
_hyerimood_,이혜림,ST,25년11월,배정완료
yulriee,최은지,ST,25년11월,배정완료
zizizizizizizil,한지은,ST,25년11월,배정완료
rimmmy2,림,ST,25년11월,배정완료
wonchichi,원혜진,ST,25년11월,배정완료
2eesangah,이상아,ST,25년11월,배정완료
yuleumn,차정빈,ST,25년11월,배정완료
2ppi,윤가혜,ST,25년11월,배정완료
_haeeden,양윤지,ST,25년11월,배정완료
kimxeul,김슬기,ST,25년11월,배정완료
ariuhx,남희라,ST,25년11월,배정완료
unetine__,조은해,ST,25년11월,배정완료
leanavvab,정리아,MLB,25년12월,배정완료
hellosaeeun,김새은,MLB,25년12월,배정완료
iamsezero,전세영,MLB,25년12월,배정완료
yoonseo,임윤서,MLB,25년12월,배정완료
0ki0h,류영하,MLB,25년12월,배정완료
juuuhana,이주원,MLB,25년12월,배정완료
owl_rachel_q.p,김레이첼유리,MLB,25년12월,배정완료
__ryeong,김진령,MLB,25년12월,배정완료
z___meme,김재은,MLB,25년12월,배정완료
364d_,박규언,MLB,25년12월,배정완료
mincccchaaaae,이민채,MLB,25년12월,배정완료
neul_e_.nong,유하늘,MLB,25년12월,배정완료
cherryquiri,이지현,MLB,25년12월,배정완료
__yuna.j__,정유나,MLB,25년12월,배정완료
dull_ouuo,오하영,MLB,25년12월,배정완료
jjjjjooooon_n,주예나,MLB,25년12월,배정완료
ga_heee_,최가희,MLB,25년12월,배정완료
_srara,이스라,MLB,25년12월,배정완료
esil__h,황은실,MLB,25년12월,배정완료
goori.xx,구리,MLB,25년12월,배정완료
cherrycolapong,김현명,MLB,25년12월,배정완료
la6vish,현빈,MLB,25년12월,배정완료
j_u_n_g_22222,유소정,MLB,25년12월,배정완료
jjinii_,김지은,MLB,25년12월,배정완료
veryzoey,박은서,MLB,25년12월,배정완료
kimbomiz,김보미,MLB,25년12월,배정완료
yejidaramkim,김예지,MLB,25년12월,배정완료
cha_e_0,송채영,MLB,25년12월,배정완료
yunwisd0m,윤지혜,MLB,25년12월,배정완료
jeyilly,허재이,MLB,25년12월,배정완료
rlaalsbae,김민,MLB,25년12월,배정완료
seoha.u,엄서하,MLB,25년12월,배정완료
se_yeon_2_,정세연,MLB,25년12월,배정완료
babysoo_,박수현,MLB,25년12월,배정완료
parkxunxu,박선유,MLB,25년12월,배정완료
hwimm_,정휘민,MLB,25년12월,배정완료
youuuuuume,손유미,MLB,25년12월,배정완료
paniikim,김서영,MLB,25년12월,배정완료
l.o.v.e.w.o.n,이예원,MLB,25년12월,배정완료
joohw_vp,주혜원,MLB,25년12월,배정완료
merelyenny,최예은,MLB,25년12월,배정완료
see_nooon,신은지,MLB,25년12월,배정완료
hanzyinxx,한지인,MLB,25년12월,배정완료
babyeeul,윤예을,MLB,25년12월,배정완료
3.3.c,김지현,MLB,25년12월,배정완료
ovxiiii,박수빈,MLB,25년12월,배정완료
damagozii,송윤지,MLB,25년12월,배정완료
nuribiim,누리,MLB,25년12월,배정완료
my_juuu_,조민주,MLB,25년12월,배정완료
sso_ix,임소희,MLB,25년12월,배정완료
sooooorok,이수민,MLB,25년12월,배정완료
wo.0z,김지우,MLB,25년12월,배정완료
kimzhyeon,김지현,MLB,25년12월,배정완료
younghjhj,양혜작,MLB,25년12월,배정완료
_hyerimood_,이혜림,MLB,25년12월,배정완료
dandell_e,신다영,MLB,25년12월,배정완료
tweetysummer,조민지,MLB,25년12월,배정완료
baejiane,배현지,MLB,25년12월,배정완료
alswlii,신민지,MLB,25년12월,배정완료
xxongppeu,송서우,MLB,25년12월,배정완료
bywonyy,박지원,MLB,25년12월,배정완료
or.8ro,전재경,MLB,25년12월,배정완료
itsmerrsha,윤혜원,MLB,25년12월,배정완료
kim.shony,김선화,MLB,25년12월,배정완료
le.ciel_s,이하늘,MLB,25년12월,배정완료
dggggggggyu_,이동규,MLB,25년12월,배정완료
jiminnx_,정지민,MLB,25년12월,배정완료
pipibora,김보라,MLB,25년12월,배정완료
wonchichi,원혜진,MLB,25년12월,배정완료
zara_jin,황현진,MLB,25년12월,배정완료
keemhyohyun,김효은,MLB,25년12월,배정완료
rimmmy2,림,MLB,25년12월,배정완료
yulriee,최은지,MLB,25년12월,배정완료
chalaals,조민정,MLB,25년12월,배정완료
miosaysmiao,이미희,MLB,25년12월,배정완료
einzxy,홍재이,MLB,25년12월,배정완료
keemhyohyun,김효은,DX,25년12월,배정완료
rimmmy2,림,DX,25년12월,배정완료
wonchichi,원혜진,DX,25년12월,배정완료
2eesangah,이상아,DX,25년12월,배정완료
chowk,조우경,DX,25년12월,배정완료
0.xxyn,김유나,DX,25년12월,배정완료
2ppi,윤가혜,DX,25년12월,배정완료
jeooongmirae,정미래,DX,25년12월,배정완료
nnalovendlessly,JARGALSAIKHAN NAMUUN,DX,25년12월,배정완료
ariuhx,남희라,DX,25년12월,배정완료
unetine__,조은해,DX,25년12월,배정완료
jkeely_,윤지원,DX,25년12월,배정완료
c_eeeun,이채은,DX,25년12월,배정완료
eunbnim,문은비,DX,25년12월,배정완료
ssonggram,송서미,DX,25년12월,배정완료
su.rys,김수정,DX,25년12월,배정완료
onehylove_,최현아,DX,25년12월,배정완료
dahaechoidaki,최다혜,DX,25년12월,배정완료
mori.u,김유모리,DX,25년12월,배정완료
soeziyu,서지유,DX,25년12월,배정완료
haeminik,권해민,DX,25년12월,배정완료
sonmjin,손미진,DX,25년12월,배정완료
Noooooooju,노주영,DX,25년12월,배정완료
m00__n,문자은,DX,25년12월,배정완료
dohappyday,이도하,DX,25년12월,배정완료
gilllmin,길민수,DX,25년12월,배정완료
eunbeee__,조은비,DX,25년12월,배정완료
nae.ri_,장내리,DX,25년12월,배정완료
zinniiia_______,채유진,DX,25년12월,배정완료
hyobeeen_,한효빈,DX,25년12월,배정완료
y.05_06,김연희,DX,25년12월,배정완료
zara_jin,황현진,DX,25년12월,배정완료
moooniopens,김문희,DX,25년12월,배정완료
miosaysmiao,이미희,DX,25년12월,배정완료
chalaals,조민정,DX,25년12월,배정완료
yulriee,최은지,DX,25년12월,배정완료
dandell_e,신다영,DX,25년12월,배정완료
_hyerimood_,이혜림,DX,25년12월,배정완료
_hh_hada,정환희,DX,25년12월,배정완료
einzxy,홍재이,DX,25년12월,배정완료
dggggggggyu_,이동규,DX,25년12월,배정완료
rammi.k,김보라미,DX,25년12월,배정완료
flamme.ji,윤헤지,DX,25년12월,배정완료
mingddo_h,홍민정,DX,25년12월,배정완료
azraelyoni,여연희,DX,25년12월,배정완료
goyijin_,고이진,DX,25년12월,배정완료
itsmerrsha,윤혜원,DX,25년12월,배정완료
xgyeon,이가연,DX,25년12월,배정완료
dj_siena,박은경,DX,25년12월,배정완료
__jin___jin__,김진희,DX,25년12월,배정완료
hyeon22222222,이정현,DX,25년12월,배정완료
gxlxae,양가은,DX,25년12월,배정완료
yxuuzx,조유주,DX,25년12월,배정완료
hyemmm1,송혜미,DX,25년12월,배정완료
luv_jayne,김정은,DX,25년12월,배정완료
eun31_ch,이은채,DX,25년12월,배정완료
dpwls2da,권예진,DX,25년12월,배정완료
kkyeongeun_,황보경은,DX,25년12월,배정완료
1yeah_silver,한예은,DX,25년12월,배정완료
una_jung,정유나,DX,25년12월,배정완료
douneo,김보미,DX,25년12월,배정완료
_dawnlight._,전은지,DX,25년12월,배정완료
bemyoung,정선영,DX,25년12월,배정완료
7gd8r94hut7,김나영,DX,25년12월,배정완료
2pplee,이현정,DX,25년12월,배정완료
or.8ro,전재경,DX,25년12월,배정완료
yoayea,신예아,DX,25년12월,배정완료
hinew.me,유미,DX,25년12월,배정완료
jinsolllllllshin,신진솔,DX,25년12월,배정완료
hoiinni,장효인,DX,25년12월,배정완료
jeonjisu92,지수,DX,25년12월,배정완료
_____sia__,이시아,DX,25년12월,배정완료
pure_hwang,황지현,DX,25년12월,배정완료
bywonyy,박지원,DX,25년12월,배정완료
Yuuxeun,신유은,DX,25년12월,배정완료
xxongppeu,송서우,DX,25년12월,배정완료
alswlii,신민지,DX,25년12월,배정완료
baejiane,배현지,DX,25년12월,배정완료
tweetysummer,조민지,DX,25년12월,배정완료
_srara,이스라,DX,25년12월,배정완료
esil__h,황은실,DX,25년12월,배정완료
la6vish,현빈,DX,25년12월,배정완료
j_u_n_g_22222,유소정,DX,25년12월,배정완료
veryzoey,박은서,DX,25년12월,배정완료
kimbomiz,김보미,DX,25년12월,배정완료
yejidaramkim,김예지,DX,25년12월,배정완료
yunwisd0m,윤지혜,DX,25년12월,배정완료
jeyilly,허재이,DX,25년12월,배정완료
babysoo_,박수현,DX,25년12월,배정완료
parkxunxu,박선유,DX,25년12월,배정완료
youuuuuume,손유미,DX,25년12월,배정완료
joohw_vp,주혜원,DX,25년12월,배정완료
l.o.v.e.w.o.n,이예원,DX,25년12월,배정완료
merelyenny,최예은,DX,25년12월,배정완료
see_nooon,신은지,DX,25년12월,배정완료
hanzyinxx,한지인,DX,25년12월,배정완료
yougyeong_,강유경,DX,25년12월,배정완료
jjihyeone,신지현,DX,25년12월,배정완료
damagozii,송윤지,DX,25년12월,배정완료
nuribiim,누리,DX,25년12월,배정완료
sooooorok,이수민,DX,25년12월,배정완료
hajeewon_,하지원,DX,25년12월,배정완료
avecqmour,전연주,DX,25년12월,배정완료
xxi_zhen,남윤정,DX,25년12월,배정완료
_chaeny__,김채연,DX,25년12월,배정완료
minasong___,송민아,DX,25년12월,배정완료
_____sia__,이시아,DV,25년12월,배정완료
jeonjisu92,지수,DV,25년12월,배정완료
hoiinni,장효인,DV,25년12월,배정완료
jinsolllllllshin,신진솔,DV,25년12월,배정완료
yoayea,신예아,DV,25년12월,배정완료
2pplee,이현정,DV,25년12월,배정완료
7gd8r94hut7,김나영,DV,25년12월,배정완료
azraelyoni,여연희,DV,25년12월,배정완료
rammi.k,김보라미,DV,25년12월,배정완료
chae__rang,채랑,DV,25년12월,배정완료
unakyom,유나겸,DV,25년12월,배정완료
igluskcab,박지은,DV,25년12월,배정완료
songhauu,유송하,DV,25년12월,배정완료
yuleumn,차정빈,DV,25년12월,배정완료
0.xxyn,김유나,DV,25년12월,배정완료
2ppi,윤가혜,DV,25년12월,배정완료
_haeeden,양윤지,DV,25년12월,배정완료
nnalovendlessly,JARGALSAIKHAN NAMUUN,DV,25년12월,배정완료
kimxeul,김슬기,DV,25년12월,배정완료
ariuhx,남희라,DV,25년12월,배정완료
unetine__,조은해,DV,25년12월,배정완료
jeooongmirae,정미래,DV,25년12월,배정완료
jeooongmirae,정미래,ST,25년12월,배정완료
c_eeeun,이채은,ST,25년12월,배정완료
eunbnim,문은비,ST,25년12월,배정완료
ssonggram,송서미,ST,25년12월,배정완료
hyobeeen_,한효빈,ST,25년12월,배정완료
zinniiia_______,채유진,ST,25년12월,배정완료
eunbeee__,조은비,ST,25년12월,배정완료
dohappyday,이도하,ST,25년12월,배정완료
m00__n,문자은,ST,25년12월,배정완료
haeminik,권해민,ST,25년12월,배정완료
onehylove_,최현아,ST,25년12월,배정완료
suexsoo,김수,ST,25년12월,배정완료
hyanggggg_,정향,ST,25년12월,배정완료
bb.se2_,이서원,ST,25년12월,배정완료
yeahjeans_,김예진,ST,25년12월,배정완료
zeunique_,김지은,ST,25년12월,배정완료
binibininnn,정선빈,MLB,26년1월,배정완료
chowk,조우경,MLB,26년1월,배정완료
2eesangah,이상아,MLB,26년1월,배정완료
leanavvab,정리아,MLB,26년1월,배정완료
nnin.lna,홍민하,MLB,26년1월,배정완료
yoonseo,임윤서,MLB,26년1월,배정완료
_seo._.hyuun,임서현,MLB,26년1월,배정완료
94_j.a,김정아,MLB,26년1월,배정완료
__jin___jin__,김진희,MLB,26년1월,배정완료
hyo.ppeu,김효진,MLB,26년1월,배정완료
hyeon22222222,이정현,MLB,26년1월,배정완료
iamsezero,전세영,MLB,26년1월,배정완료
owl_rachel_q.p,김레이첼유리,MLB,26년1월,배정완료
hellosaeeun,김새은,MLB,26년1월,배정완료
juuuhana,이주원,MLB,26년1월,배정완료
0ki0h,류영하,MLB,26년1월,배정완료
gxlxae,양가은,MLB,26년1월,배정완료
_seong_hee,위성희,MLB,26년1월,배정완료
___solvely___,한기솔,MLB,26년1월,배정완료
dj_siena,박은경,MLB,26년1월,배정완료
hyemmm1,송혜미,MLB,26년1월,배정완료
luv_jayne,김정은,MLB,26년1월,배정완료
eun31_ch,이은채,MLB,26년1월,배정완료
dpwls2da,권예진,MLB,26년1월,배정완료
364d_,박규언,MLB,26년1월,배정완료
neul_e_.nong,유하늘,MLB,26년1월,배정완료
mincccchaaaae,이민채,MLB,26년1월,배정완료
geanrosejam,서지안,MLB,26년1월,배정완료
z___meme,김재은,MLB,26년1월,배정완료
kkyeongeun_,황보경은,MLB,26년1월,배정완료
jjjjjooooon_n,주예나,MLB,26년1월,배정완료
1yeah_silver,한예은,MLB,26년1월,배정완료
dull_ouuo,오하영,MLB,26년1월,배정완료
una_jung,정유나,MLB,26년1월,배정완료
douneo,김보미,MLB,26년1월,배정완료
_dawnlight._,전은지,MLB,26년1월,배정완료
k_gh._e,김가희,MLB,26년1월,배정완료
bemyoung,정선영,MLB,26년1월,배정완료
y0ugkxm,정유경,MLB,26년1월,배정완료
xgyeon,이가연,MLB,26년1월,배정완료
soseo0404,김정현,MLB,26년1월,배정완료
__me__ne,정민혜,MLB,26년1월,배정완료
solwlyy,김소리,MLB,26년1월,배정완료
cherryquiri,이지현,MLB,26년1월,배정완료
__yuna.j__,정유나,MLB,26년1월,배정완료
soyeonxnz,노소연,MLB,26년1월,배정완료
lloh2r,김해나,MLB,26년1월,배정완료
minasong___,송민아,MLB,26년1월,배정완료
_chaeny__,김채연,MLB,26년1월,배정완료
__ryeong,김진령,MLB,26년1월,배정완료
redlic_haeun95,한하은,MLB,26년1월,배정완료
__me__ne,정민혜,DX,26년1월,배정완료
solwlyy,김소리,DX,26년1월,배정완료
soyeonxnz,노소연,DX,26년1월,배정완료
lloh2r,김해나,DX,26년1월,배정완료
itsmerrsha,윤혜원,DX,26년1월,배정완료
goyijin_,고이진,DX,26년1월,배정완료
azraelyoni,여연희,DX,26년1월,배정완료
mingddo_h,홍민정,DX,26년1월,배정완료
flamme.ji,윤헤지,DX,26년1월,배정완료
rammi.k,김보라미,DX,26년1월,배정완료
kim.shony,김선화,DX,26년1월,배정완료
Errdayoung,박지영,DX,26년1월,배정완료
jidue_,김지수,DX,26년1월,배정완료
173.01,이진주,DX,26년1월,배정완료
chae__rang,채랑,DX,26년1월,배정완료
unakyom,유나겸,DX,26년1월,배정완료
jjekkany,김현제,DX,26년1월,배정완료
le.ciel_s,이하늘,DX,26년1월,배정완료
gonghapark,박공하,DX,26년1월,배정완료
dggggggggyu_,이동규,DX,26년1월,배정완료
jiminnx_,정지민,DX,26년1월,배정완료
pipibora,김보라,DX,26년1월,배정완료
igluskcab,박지은,DX,26년1월,배정완료
songhauu,유송하,DX,26년1월,배정완료
goori.xx,구리,DX,26년1월,배정완료
younghjhj,양혜작,DX,26년1월,배정완료
su.rys,김수정,DX,26년1월,배정완료
moooniopens,김문희,DX,26년1월,배정완료
_hh_hada,정환희,DX,26년1월,배정완료
_hyerimood_,이혜림,DX,26년1월,배정완료
dandell_e,신다영,DX,26년1월,배정완료
yulriee,최은지,DX,26년1월,배정완료
chalaals,조민정,DX,26년1월,배정완료
miosaysmiao,이미희,DX,26년1월,배정완료
einzxy,홍재이,DX,26년1월,배정완료
zizizizizizizil,한지은,DX,26년1월,배정완료
kimzhyeon,김지현,DX,26년1월,배정완료
zara_jin,황현진,DX,26년1월,배정완료
keemhyohyun,김효은,DX,26년1월,배정완료
rimmmy2,림,DX,26년1월,배정완료
wonchichi,원혜진,DX,26년1월,배정완료
chowk,조우경,DX,26년1월,배정완료
2eesangah,이상아,DX,26년1월,배정완료
0.xxyn,김유나,DX,26년1월,배정완료
2ppi,윤가혜,DX,26년1월,배정완료
nnalovendlessly,JARGALSAIKHAN NAMUUN,DX,26년1월,배정완료
ariuhx,남희라,DX,26년1월,배정완료
unetine__,조은해,DX,26년1월,배정완료
jeooongmirae,정미래,DX,26년1월,배정완료
c_eeeun,이채은,DX,26년1월,배정완료
jkeely_,윤지원,DX,26년1월,배정완료
eunbnim,문은비,DX,26년1월,배정완료
ssonggram,송서미,DX,26년1월,배정완료
hyobeeen_,한효빈,DX,26년1월,배정완료
zinniiia_______,채유진,DX,26년1월,배정완료
nae.ri_,장내리,DX,26년1월,배정완료
eunbeee__,조은비,DX,26년1월,배정완료
gilllmin,길민수,DX,26년1월,배정완료
dohappyday,이도하,DX,26년1월,배정완료
c_eeeun,이채은,DV,26년1월,배정완료
jkeely_,윤지원,DV,26년1월,배정완료
eunbnim,문은비,DV,26년1월,배정완료
ssonggram,송서미,DV,26년1월,배정완료
hyobeeen_,한효빈,DV,26년1월,배정완료
zinniiia_______,채유진,DV,26년1월,배정완료
nae.ri_,장내리,DV,26년1월,배정완료
eunbeee__,조은비,DV,26년1월,배정완료
gilllmin,길민수,DV,26년1월,배정완료
dohappyday,이도하,DV,26년1월,배정완료
m00__n,문자은,DV,26년1월,배정완료
soheee._.y,김소희,ST,26년1월,배정완료
lucia_yang_,양채림,ST,26년1월,배정완료
jin._.loveu,정예진,ST,26년1월,배정완료
ming._.ee,김민지,ST,26년1월,배정완료
xxixu._,박지수,ST,26년1월,배정완료
nyny0226,김나영,ST,26년1월,배정완료
mallow_ksy,김소연,ST,26년1월,배정완료
26i_woo,남하린,ST,26년1월,배정완료
seo_lovlov,안민서,ST,26년1월,배정완료
guswnguddn,노현주,ST,26년1월,배정완료
_xlluvia,권시우,ST,26년1월,배정완료
jyoun__56,최지원,ST,26년1월,배정완료
