id,name,gender,follower,channel_link,mlb_qty,dx_qty,dv_qty,st_qty,total_qty,total_fee,unit_fee
leanavvab,정리아,여,1472382,https://www.instagram.com/leanavvab,5.0,0.0,0.0,0.0,5,4250000.0,850000
daxbin,김다빈,여,763000,https://www.instagram.com/daxbin,3.0,3.0,0.0,0.0,6,12750000.0,2125000
_seong_hee,위성희,여,684182,https://www.instagram.com/_seong_hee,3.0,0.0,0.0,1.0,4,5400000.0,1350000
___solvely___,한기솔,여,629364,https://www.instagram.com/___solvely___,3.0,0.0,0.0,1.0,4,7200000.0,1800000
dj_siena,박시현,여,626646,https://www.instagram.com/dj_siena,3.0,3.0,0.0,0.0,6,1530000.0,255000
nnin.lna,홍민하,여,622625,https://www.instagram.com/nnin.lna,3.0,0.0,0.0,1.0,4,2160000.0,540000
yoonseo,임윤서,여,592350,https://www.instagram.com/yoonseo,5.0,0.0,0.0,0.0,5,10625000.0,2125000
_seo._.hyuun,임서현,여,520491,https://www.instagram.com/_seo._.hyuun,3.0,0.0,0.0,1.0,4,3600000.0,900000
youra_ch0i,최유라,여,469273,https://www.instagram.com/youra_ch0i,3.0,3.0,0.0,0.0,6,4590000.0,765000
94_j.a,김정아,여,461080,https://www.instagram.com/94_j.a,3.0,0.0,0.0,1.0,4,1800000.0,450000
__jin___jin__,김진희,여,407970,https://www.instagram.com/__jin___jin__,3.0,2.0,0.0,1.0,6,10200000.0,1700000
hyo.ppeu,김효진,여,373112,https://www.instagram.com/hyo.ppeu,3.0,0.0,0.0,1.0,4,2520000.0,630000
hyeon22222222,이정현,여,369130,https://www.instagram.com/hyeon22222222,3.0,3.0,0.0,0.0,6,3570000.0,595000
iamsezero,전세영,여,353317,https://www.instagram.com/iamsezero,5.0,0.0,0.0,0.0,5,5100000.0,1020000
owl_rachel_q.p,김레이첼유리,여,351762,https://www.instagram.com/owl_rachel_q.p,5.0,0.0,0.0,0.0,5,4250000.0,850000
hellosaeeun,김새은,여,339447,https://www.instagram.com/hellosaeeun,5.0,0.0,0.0,0.0,5,7650000.0,1530000
comme_de_x,김정서,여,320746,https://www.instagram.com/comme_de_x,5.0,0.0,0.0,0.0,5,1700000.0,340000
juuuhana,이주원,여,306329,https://www.instagram.com/juuuhana,5.0,0.0,0.0,0.0,5,6375000.0,1275000
0ki0h,류영하,여,306000,https://www.instagram.com/0ki0h,5.0,0.0,0.0,0.0,5,4250000.0,850000
gxlxae,양가은,여,303657,https://www.instagram.com/gxlxae,3.0,3.0,1.0,1.0,8,8512000.0,1064000
__ryeong,김진령,여,295739,https://www.instagram.com/__ryeong,5.0,0.0,0.0,0.0,5,10625000.0,2125000
redlic_haeun95,레드릭,여,284372,https://www.instagram.com/redlic_haeun95,5.0,0.0,0.0,0.0,5,1700000.0,340000
yxuuzx,조유주,여,276007,https://www.instagram.com/yxuuzx,3.0,2.0,0.0,1.0,6,3570000.0,595000
juu__love9,이주희,여,262477,https://www.instagram.com/juu__love9,3.0,2.0,0.0,1.0,6,2550000.0,425000
hyemmm1,송혜미,여,259595,https://www.instagram.com/hyemmm1,3.0,2.0,0.0,1.0,6,3060000.0,510000
luv_jayne,김정은,여,252725,https://www.instagram.com/luv_jayne,3.0,3.0,0.0,0.0,6,7650000.0,1275000
eun31_ch,이은채,여,251639,https://www.instagram.com/eun31_ch,3.0,2.0,0.0,1.0,6,7140000.0,1190000
dpwls2da,권예진,여,245785,https://www.instagram.com/dpwls2da,3.0,3.0,1.0,1.0,8,1600000.0,200000
364d_,박규언,여,245333,https://www.instagram.com/364d_,5.0,0.0,0.0,0.0,5,5100000.0,1020000
jungha.0,정하영,여,234363,https://www.instagram.com/jungha.0,3.0,3.0,1.0,1.0,8,9600000.0,1200000
neul_e_.nong,유하늘,여,231645,https://www.instagram.com/neul_e_.nong,5.0,0.0,0.0,0.0,5,4250000.0,850000
mincccchaaaae,민채,여,221581,https://www.instagram.com/mincccchaaaae,5.0,0.0,0.0,0.0,5,4250000.0,850000
geanrosejam,서지안,여,213505,https://www.instagram.com/geanrosejam,3.0,0.0,0.0,1.0,4,3240000.0,810000
z___meme,김재은,여,212127,https://www.instagram.com/z___meme,5.0,0.0,0.0,0.0,5,2975000.0,595000
kkyeongeun_,황보경은,여,212125,https://www.instagram.com/kkyeongeun_,3.0,3.0,1.0,1.0,8,9920000.0,1240000
misochu,김미소,여,188063,https://www.instagram.com/misochu,3.0,2.0,0.0,1.0,6,8160000.0,1360000
jjjjjooooon_n,주예나,여,179904,https://www.instagram.com/jjjjjooooon_n,5.0,0.0,0.0,0.0,5,8075000.0,1615000
1yeah_silver,한예은,여,178126,https://www.instagram.com/1yeah_silver,3.0,3.0,0.0,0.0,6,10200000.0,1700000
dull_ouuo,오하영,여,176300,https://www.instagram.com/dull_ouuo,5.0,0.0,0.0,0.0,5,637500.0,127500
elfin_prairie,유하,여,173787,https://www.instagram.com/elfin_prairie,3.0,0.0,2.0,1.0,6,4335000.0,722500
una_jung,정유나,여,173172,https://www.instagram.com/una_jung,3.0,3.0,0.0,0.0,6,8670000.0,1445000
31ioa_12,김소담,여,169231,https://www.instagram.com/31ioa_12,3.0,2.0,2.0,0.0,7,5600000.0,800000
y_ar1492,윤수진,여,163126,https://www.instagram.com/y_ar1492,3.0,2.0,0.0,1.0,6,4590000.0,765000
misssohn,가영,여,161717,https://www.instagram.com/misssohn,0.0,0.0,2.0,0.0,2,2700000.0,1350000
douneo,김보미,여,161523,https://www.instagram.com/douneo,3.0,2.0,2.0,0.0,7,8400000.0,1200000
_dawnlight._,전은지,여,160755,https://www.instagram.com/_dawnlight._,3.0,3.0,0.0,0.0,6,4080000.0,680000
k_gh._e,김가희,여,159016,https://www.instagram.com/k_gh._e,3.0,0.0,0.0,1.0,4,5400000.0,1350000
code_name_junna,이주은,여,154878,https://www.instagram.com/code_name_junna,3.0,2.0,0.0,1.0,6,2550000.0,425000
bemyoung,정선영,여,154051,https://www.instagram.com/bemyoung,3.0,3.0,1.0,1.0,8,9600000.0,1200000
y0ugkxm,정유경,여,153847,https://www.instagram.com/y0ugkxm,3.0,0.0,0.0,1.0,4,2880000.0,720000
xgyeon,이가연,여,149173,https://www.instagram.com/xgyeon,3.0,2.0,0.0,1.0,6,2040000.0,340000
soseo0404,김정현,여,149025,https://www.instagram.com/soseo0404,3.0,0.0,0.0,1.0,4,1800000.0,450000
__me__ne,미네,여,148443,https://www.instagram.com/__me__ne,3.0,3.0,0.0,0.0,6,4080000.0,680000
solwlyy,SORI,여,146255,https://www.instagram.com/solwlyy,3.0,3.0,0.0,0.0,6,8032500.0,1338750
thricemink,세민,여,131142,https://www.instagram.com/thricemink,5.0,0.0,0.0,0.0,5,8500000.0,1700000
howaremee,혜미,여,128836,https://www.instagram.com/howaremee,3.0,2.0,0.0,1.0,6,6120000.0,1020000
cherryquiri,이지현,여,127699,https://www.instagram.com/cherryquiri,5.0,0.0,0.0,0.0,5,1700000.0,340000
__yuna.j__,정유나,여,127338,https://www.instagram.com/__yuna.j__,5.0,0.0,0.0,0.0,5,9350000.0,1870000
soyeonxnz,노소연,여,124942,https://www.instagram.com/soyeonxnz,3.0,3.0,0.0,0.0,6,5100000.0,850000
lloh2r,김해나,여,124111,https://www.instagram.com/lloh2r,3.0,3.0,0.0,0.0,6,1530000.0,255000
minasong___,송민아,여,122807,https://www.instagram.com/minasong___,3.0,2.0,2.0,0.0,7,14000000.0,2000000
_chaeny__,김채연,여,122698,https://www.instagram.com/_chaeny__,3.0,2.0,0.0,1.0,6,3570000.0,595000
xxi_zhen,남윤정,여,122582,https://www.instagram.com/xxi_zhen,3.0,3.0,0.0,0.0,6,4080000.0,680000
avecqmour,전연주,여,118844,https://www.instagram.com/avecqmour,3.0,2.0,0.0,1.0,6,4080000.0,680000
hajeewon_,하지원,여,117901,https://www.instagram.com/hajeewon_,3.0,2.0,0.0,1.0,6,2550000.0,425000
lh_m_2,이혜림,여,117000,https://www.instagram.com/lh_m_2,3.0,3.0,,,6,5100000.0,850000
monday_zune,먼데이오프,여,116732,https://www.instagram.com/monday_zune,3.0,2.0,0.0,1.0,6,4080000.0,680000
kkkahee,가희,여,113810,https://www.instagram.com/kkkahee,,2.0,2.0,1.0,5,9350000.0,1870000
wo.0z,김지우,여,113644,https://www.instagram.com/wo.0z,5.0,0.0,0.0,0.0,5,1700000.0,340000
wangsubim,왕수빈,여,112384,https://www.instagram.com/wangsubim,,2.0,2.0,1.0,5,9350000.0,1870000
sooooorok,이수민,여,111151,https://www.instagram.com/sooooorok,3.0,3.0,0.0,0.0,6,10098000.0,1683000
sso_ix,임소희,여,110000,https://www.instagram.com/sso_ix,5.0,,,,5,1912500.0,382500
_leliado,도희진,여,108657,https://www.instagram.com/_leliado,3.0,3.0,0.0,0.0,6,3570000.0,595000
callme.moa,모아,여,107441,https://www.instagram.com/callme.moa,5.0,0.0,0.0,0.0,5,2125000.0,425000
my_juuu_,조민주,여,105652,https://www.instagram.com/my_juuu_,3.0,0.0,0.0,1.0,4,2520000.0,630000
pipimik__,천미경,여,104782,https://www.instagram.com/pipimik__,3.0,2.0,0.0,1.0,6,4080000.0,680000
iamcorn_,박연지,여,103442,https://www.instagram.com/iamcorn_,3.0,2.0,0.0,1.0,6,8313000.0,1385500
nuribiim,누리,여,103123,https://www.instagram.com/nuribiim,3.0,3.0,0.0,0.0,6,10200000.0,1700000
damagozii,송윤지,여,101086,https://www.instagram.com/damagozii,3.0,3.0,0.0,0.0,6,7650000.0,1275000
ovxiiii,박수빈,여,96000,https://www.instagram.com/ovxiiii,3.0,0.0,0.0,1.0,4,2376000.0,594000
jjihyeone,신지현,여,92173,https://www.instagram.com/jjihyeone,0.0,2.0,2.0,1.0,5,3400000.0,680000
yougyeong_,유경,여,91407,https://www.instagram.com/yougyeong_,3.0,2.0,2.0,0.0,7,6160000.0,880000
3.3.c,김지현,여,85762,https://www.instagram.com/3.3.c,3.0,0.0,0.0,1.0,4,2412000.0,603000
meazue,혜주,여,84171,https://www.instagram.com/meazue,3.0,3.0,1.0,1.0,8,3200000.0,400000
nov1ttsy,서영,여,82637,https://www.instagram.com/nov1ttsy,3.0,2.0,0.0,1.0,6,3927000.0,654500
hanzyinxx,한지인,여,82089,https://www.instagram.com/hanzyinxx,3.0,3.0,0.0,0.0,6,7140000.0,1190000
see_nooon,신은지,여,81690,https://www.instagram.com/see_nooon,3.0,2.0,2.0,0.0,7,2240000.0,320000
merelyenny,최예은,여,81467,https://www.instagram.com/merelyenny,3.0,3.0,0.0,0.0,6,5100000.0,850000
ujin.www,김유진,여,79013,https://www.instagram.com/ujin.www,3.0,3.0,0.0,0.0,6,11475000.0,1912500
rlo.iy,이시은,여,77637,https://www.instagram.com/rlo.iy,3.0,2.0,0.0,1.0,6,6630000.0,1105000
Yihyejii,이혜지,여,77099,https://www.instagram.com/Yihyejii,3.0,2.0,0.0,1.0,6,5100000.0,850000
babyeeul,윤예을,여,76984,https://www.instagram.com/babyeeul,4.0,0.0,0.0,0.0,4,1912500.0,382500
l.o.v.e.w.o.n,아이스파스텔,여,76363,https://www.instagram.com/l.o.v.e.w.o.n,3.0,2.0,2.0,0.0,7,560000.0,80000
joohw_vp,주혜원,여,73506,https://www.instagram.com/joohw_vp,3.0,3.0,0.0,0.0,6,3570000.0,595000
paniikim,김서영,여,72840,https://www.instagram.com/paniikim,3.0,0.0,0.0,1.0,4,2520000.0,630000
bad__yoyo,조영은,여,72155,https://www.instagram.com/bad__yoyo,3.0,3.0,1.0,0.0,7,11760000.0,1680000
youuuuuume,손유미,여,71795,https://www.instagram.com/youuuuuume,3.0,3.0,1.0,1.0,8,1600000.0,200000
parkxunxu,박선유,여,70112,https://www.instagram.com/parkxunxu,3.0,3.0,0.0,0.0,6,4080000.0,680000
surfinyou,배지인,여,69856,https://www.instagram.com/surfinyou,3.0,2.0,0.0,1.0,6,3570000.0,595000
babysoo_,박수현,여,68911,https://www.instagram.com/babysoo_,3.0,2.0,2.0,0.0,7,9240000.0,1320000
se_yeon_2_,정세연,여,68266,https://www.instagram.com/se_yeon_2_,4.0,0.0,0.0,0.0,4,2337500.0,467500
seoha.u,엄서하,여,65286,https://www.instagram.com/seoha.u,3.0,0.0,0.0,1.0,4,2160000.0,540000
rlaalsbae,김민,여,65264,https://www.instagram.com/rlaalsbae,4.0,0.0,0.0,0.0,4,1275000.0,255000
ok__s2,옥세희,여,63580,https://www.instagram.com/ok__s2,3.0,0.0,0.0,1.0,4,1800000.0,450000
__fosa,박은서,여,63318,https://www.instagram.com/__fosa,2.0,2.0,0.0,0.0,4,3825000.0,637500
jeyilly,허재이,여,61936,https://www.instagram.com/jeyilly,2.0,2.0,0.0,0.0,4,2040000.0,340000
nayawashi,나와야시,여,60494,https://www.instagram.com/nayawashi,2.0,2.0,0.0,0.0,4,7650000.0,1275000
yunwisd0m,윤지혜,여,57001,https://www.instagram.com/yunwisd0m,2.0,2.0,0.0,0.0,4,2040000.0,340000
hwimm_,정휘민,여,56000,https://www.instagram.com/hwimm_,4.0,,,,4,1275000.0,255000
m_dragonnnn,김민영,여,53582,https://www.instagram.com/m_dragonnnn,4.0,0.0,0.0,0.0,4,212500.0,42500
withthreekitties,조예진,여,52383,https://www.instagram.com/withthreekitties,2.0,2.0,0.0,0.0,4,2040000.0,340000
yejidaramkim,김예지,여,52000,https://www.instagram.com/yejidaramkim,3.0,2.0,,,5,7650000.0,1275000
kimbomiz,김보미,여,51182,https://www.instagram.com/kimbomiz,3.0,2.0,2.0,0.0,7,2520000.0,360000
veryzoey,박은서,여,48351,https://www.instagram.com/veryzoey,3.0,2.0,0.0,0.0,5,1020000.0,170000
cha_e_0,송채영,여,48221,https://www.instagram.com/cha_e_0,5.0,0.0,0.0,0.0,5,850000.0,170000
j_u_n_g_22222,유소정,여,47067,https://www.instagram.com/j_u_n_g_22222,3.0,2.0,0.0,0.0,5,1020000.0,170000
jjinii_,김지은,여,46000,https://www.instagram.com/jjinii_,5.0,0.0,0.0,0.0,5,1275000.0,255000
la6vish,현빈,여,45879,https://www.instagram.com/la6vish,3.0,2.0,0.0,0.0,5,2550000.0,425000
cherrycolapong,현명,여,44450,https://www.instagram.com/cherrycolapong,5.0,0.0,0.0,0.0,5,1062500.0,212500
esil__h,황은실,여,41296,https://www.instagram.com/esil__h,3.0,2.0,2.0,0.0,7,1680000.0,240000
_srara,이스라,여,41074,https://www.instagram.com/_srara,3.0,2.0,2.0,0.0,7,4928000.0,704000
ga_heee_,최가희,여,39594,https://www.instagram.com/ga_heee_,5.0,0.0,0.0,0.0,5,850000.0,170000
s_h__ssong,송세희,여,39000,https://www.instagram.com/s_h__ssong,5.0,,,,5,850000.0,170000
youdong2,최유정,여,33000,https://www.instagram.com/youdong2,3.0,2.0,0.0,1.0,6,3570000.0,595000
goxnni_,김고은,여,32291,https://www.instagram.com/goxnni_,3.0,2.0,0.0,1.0,6,3060000.0,510000
tweetysummer,조민지,여,31920,https://www.instagram.com/tweetysummer,3.0,3.0,1.0,1.0,8,2240000.0,280000
baejiane,지안,여,29000,https://www.instagram.com/baejiane,3.0,2.0,0.0,1.0,6,2550000.0,425000
sunnggggg,조성미,여,28000,https://www.instagram.com/sunnggggg,5.0,0.0,0.0,0.0,5,1275000.0,255000
baybiekiko,이연주,여,20000,https://www.instagram.com/baybiekiko,3.0,2.0,2.0,0.0,7,1848000.0,264000
yeinchwe,최예인,여,19485,https://www.instagram.com/yeinchwe,3.0,2.0,0.0,0.0,5,765000.0,127500
alswlii,신민지,여,18332,https://www.instagram.com/alswlii,3.0,3.0,0.0,0.0,6,1020000.0,170000
xxongppeu,xxongppeu,여,13938,https://www.instagram.com/xxongppeu,3.0,3.0,0.0,0.0,6,1683000.0,280500
wonyyland,박승원,여,12000,https://www.instagram.com/wonyyland,5.0,0.0,0.0,0.0,5,850000.0,170000
oowoes_,변서우,여,10759,https://www.instagram.com/oowoes_,3.0,3.0,0.0,0.0,6,1683000.0,280500
baeg_,배주희,여,710000,https://www.instagram.com/baeg_,0.0,3.0,2.0,0.0,5,8500000.0,1700000
yn_s_1230,서유나,여,416441,https://www.instagram.com/yn_s_1230,0.0,3.0,2.0,0.0,5,425000.0,85000
Yuuxeun,신유은,여,305060,https://www.instagram.com/Yuuxeun,0.0,3.0,0.0,1.0,4,3600000.0,900000
bywonyy,박지원,여,263944,https://www.instagram.com/bywonyy,3.0,3.0,1.0,1.0,8,6400000.0,800000
pure_hwang,황지현,여,246582,https://www.instagram.com/pure_hwang,0.0,2.0,2.0,1.0,5,8500000.0,1700000
hyejxong__,장혜정,여,232000,https://www.instagram.com/hyejxong__,0.0,3.0,2.0,0.0,5,10625000.0,2125000
_____sia__,이시아,여,223740,https://www.instagram.com/_____sia__,0.0,3.0,2.0,0.0,5,4250000.0,850000
jeonjisu92,지수,여,218973,https://www.instagram.com/jeonjisu92,0.0,3.0,2.0,0.0,5,4250000.0,850000
1998_suji_ya,이수지,여,165078,https://www.instagram.com/1998_suji_ya,0.0,3.0,0.0,0.0,3,2880000.0,720000
hoiinni,장효인,여,151635,https://www.instagram.com/hoiinni,0.0,2.0,2.0,1.0,5,4250000.0,850000
seonihwang,황세온,여,149995,https://www.instagram.com/seonihwang,0.0,3.0,0.0,0.0,3,7200000.0,1800000
zizian_ber,지지안,여,147614,https://www.instagram.com/zizian_ber,0.0,3.0,2.0,0.0,5,6375000.0,1275000
jinsolllllllshin,신진솔,여,146173,https://www.instagram.com/jinsolllllllshin,0.0,2.0,2.0,1.0,5,7650000.0,1530000
hinew.me,유미,여,145531,https://www.instagram.com/hinew.me,0.0,3.0,0.0,0.0,3,2520000.0,630000
s_hyun_e_e,수현,여,144235,https://www.instagram.com/s_hyun_e_e,0.0,3.0,0.0,0.0,3,360000.0,90000
keemdani,단희,여,137960,https://www.instagram.com/keemdani,0.0,2.0,2.0,1.0,5,8500000.0,1700000
yoayea,신예아,여,132656,https://www.instagram.com/yoayea,0.0,2.0,2.0,1.0,5,4250000.0,850000
yuro_ne,유로,여,127441,https://www.instagram.com/yuro_ne,0.0,3.0,0.0,0.0,3,2880000.0,720000
or.8ro,전재경,여,124595,https://www.instagram.com/or.8ro,3.0,2.0,0.0,0.0,5,1530000.0,255000
soryounga,박소령,여,123168,https://www.instagram.com/soryounga,0.0,3.0,2.0,0.0,5,6375000.0,1275000
2pplee,이현정,여,118289,https://www.instagram.com/2pplee,0.0,2.0,2.0,1.0,5,4250000.0,850000
mmang_xxi,민경,여,110446,https://www.instagram.com/mmang_xxi,0.0,2.0,2.0,1.0,5,4250000.0,850000
kaengee1022,강문경,여,110339,https://www.instagram.com/kaengee1022,0.0,2.0,1.0,0.0,3,6375000.0,1275000
k._.ny,김나영,여,106906,https://www.instagram.com/k._.ny,0.0,2.0,1.0,0.0,3,5525000.0,1105000
itsmerrsha,윤혜원,여,106000,https://www.instagram.com/itsmerrsha,3.0,3.0,0.0,0.0,6,5100000.0,850000
goyijin_,고이진,여,105924,https://www.instagram.com/goyijin_,0.0,3.0,0.0,0.0,3,3600000.0,900000
azraelyoni,여연희,여,104000,https://www.instagram.com/azraelyoni,,3.0,1.0,,4,6375000.0,1275000
mingddo_h,홍민정,여,100952,https://www.instagram.com/mingddo_h,0.0,3.0,0.0,0.0,3,2880000.0,720000
osonghwa,오송화,여,98358,https://www.instagram.com/osonghwa,0.0,3.0,1.0,0.0,4,6375000.0,1275000
arinniee,이아린,여,97191,https://www.instagram.com/arinniee,0.0,3.0,1.0,0.0,4,6375000.0,1275000
flamme.ji,flamme.ji,여,97101,https://www.instagram.com/flamme.ji,0.0,3.0,0.0,1.0,4,2520000.0,630000
rammi.k,김보라미,여,95506,https://www.instagram.com/rammi.k,0.0,3.0,1.0,0.0,4,3400000.0,680000
kim.shony,김선화,여,95129,https://www.instagram.com/kim.shony,3.0,3.0,0.0,0.0,6,1275000.0,212500
haeun_1224_,이하은,여,94261,https://www.instagram.com/haeun_1224_,0.0,3.0,0.0,1.0,4,2520000.0,630000
Errdayoung,박지영,여,93507,https://www.instagram.com/Errdayoung,0.0,3.0,0.0,1.0,4,1800000.0,450000
jidue_,김지수,여,92266,https://www.instagram.com/jidue_,0.0,3.0,0.0,1.0,4,1800000.0,450000
dawon.m,우시은,여,91682,https://www.instagram.com/dawon.m,0.0,3.0,1.0,0.0,4,3400000.0,680000
mingkixx_,김민경,여,87698,https://www.instagram.com/mingkixx_,0.0,2.0,1.0,1.0,4,4250000.0,850000
dxxhhe,다혜,여,86871,https://www.instagram.com/dxxhhe,0.0,2.0,1.0,1.0,4,2125000.0,425000
173.01,이진주,여,86816,https://www.instagram.com/173.01,0.0,3.0,0.0,1.0,4,1440000.0,360000
n13920l0,주현,여,82461,https://www.instagram.com/n13920l0,0.0,3.0,0.0,1.0,4,2880000.0,720000
meinmere,지수윤,여,79152,https://www.instagram.com/meinmere,0.0,3.0,1.0,0.0,4,6375000.0,1275000
leesosom,이소솜,여,70751,https://www.instagram.com/leesosom,0.0,2.0,2.0,1.0,5,5950000.0,1190000
_loveunc,김은채,여,69468,https://www.instagram.com/_loveunc,0.0,3.0,0.0,1.0,4,2880000.0,720000
chae__rang,채랑,여,69343,https://www.instagram.com/chae__rang,0.0,2.0,2.0,1.0,5,3400000.0,680000
hheejinkimm,김희진,여,68000,https://www.instagram.com/hheejinkimm,0.0,2.0,2.0,1.0,5,2550000.0,510000
unakyom,유나겸,여,65037,https://www.instagram.com/unakyom,0.0,2.0,2.0,1.0,5,2975000.0,595000
l7mz4,문정윤,여,62921,https://www.instagram.com/l7mz4,3.0,2.0,0.0,1.0,6,5100000.0,850000
da_hlia_,신유정,여,61457,https://www.instagram.com/da_hlia_,0.0,2.0,2.0,1.0,5,4250000.0,850000
kimkimsis_,김시스터,여,60704,https://www.instagram.com/kimkimsis_,0.0,3.0,0.0,1.0,4,3600000.0,900000
moiaussiny,한나연,여,60477,https://www.instagram.com/moiaussiny,0.0,3.0,0.0,1.0,4,1800000.0,450000
jjekkany,김현제,여,60261,https://www.instagram.com/jjekkany,0.0,3.0,0.0,1.0,4,2520000.0,630000
le.ciel_s,이하늘,여,57220,https://www.instagram.com/le.ciel_s,3.0,3.0,0.0,0.0,6,2550000.0,425000
jeyomii,지연,여,56210,https://www.instagram.com/jeyomii,0.0,2.0,2.0,1.0,5,2125000.0,425000
seoa.jjin,진서아,여,56205,https://www.instagram.com/seoa.jjin,3.0,2.0,0.0,1.0,6,3060000.0,510000
jindamiin,진다민,여,54664,https://www.instagram.com/jindamiin,3.0,2.0,0.0,1.0,6,5100000.0,850000
rimlimo,박세림,여,54474,https://www.instagram.com/rimlimo,3.0,3.0,0.0,0.0,6,1530000.0,255000
negabaroyoona,최윤아,여,54000,https://www.instagram.com/negabaroyoona,0.0,3.0,0.0,1.0,4,1080000.0,270000
gia.jang,장지아,여,51735,https://www.instagram.com/gia.jang,0.0,3.0,0.0,1.0,4,1800000.0,450000
sulygem,-,여,47000,https://www.instagram.com/sulygem,3.0,3.0,,,6,3060000.0,510000
gonghapark,박공하,여,46580,https://www.instagram.com/gonghapark,0.0,3.0,0.0,1.0,4,3600000.0,900000
uiolny,이효인,여,45779,https://www.instagram.com/uiolny,0.0,3.0,0.0,1.0,4,1800000.0,450000
dggggggggyu_,이동규,여,45137,https://www.instagram.com/dggggggggyu_,3.0,3.0,0.0,0.0,6,1530000.0,255000
helloimyeseul,예슬,여,40961,https://www.instagram.com/helloimyeseul,0.0,2.0,2.0,1.0,5,1700000.0,340000
soilyoil,장예윤,여,37855,https://www.instagram.com/soilyoil,3.0,3.0,0.0,0.0,6,1020000.0,170000
jiminnx_,정지민,여,36131,https://www.instagram.com/jiminnx_,3.0,2.0,0.0,1.0,6,1530000.0,255000
somprkk,박소미,여,32241,https://www.instagram.com/somprkk,3.0,2.0,0.0,1.0,6,2040000.0,340000
sonxxannax,송해나,여,31326,https://www.instagram.com/sonxxannax,3.0,2.0,0.0,1.0,6,2550000.0,425000
pipibora,김보라,여,31178,https://www.instagram.com/pipibora,3.0,3.0,0.0,0.0,6,1530000.0,255000
igluskcab,박지은,여,31089,https://www.instagram.com/igluskcab,0.0,2.0,2.0,1.0,5,2125000.0,425000
songhauu,유송하,여,31068,https://www.instagram.com/songhauu,0.0,3.0,2.0,0.0,5,2762500.0,552500
e_sangmi,이상미,여,30192,https://www.instagram.com/e_sangmi,0.0,2.0,2.0,1.0,5,1700000.0,340000
goori.xx,구리,여,28789,https://www.instagram.com/goori.xx,3.0,3.0,0.0,0.0,6,1275000.0,212500
younghjhj,양혜작,여,27591,https://www.instagram.com/younghjhj,3.0,2.0,0.0,1.0,6,1530000.0,255000
su.rys,su.rys,여,26165,https://www.instagram.com/su.rys,0.0,3.0,0.0,1.0,4,900000.0,225000
zuxseon,주선,여,26126,https://www.instagram.com/zuxseon,0.0,3.0,0.0,1.0,4,1800000.0,450000
k_hwi0,김휘영,여,24870,https://www.instagram.com/k_hwi0,0.0,3.0,0.0,1.0,4,1440000.0,360000
moooniopens,김예린,여,24547,https://www.instagram.com/moooniopens,0.0,3.0,0.0,1.0,4,1800000.0,450000
_hh_hada,정환희,여,24371,https://www.instagram.com/_hh_hada,0.0,3.0,0.0,1.0,4,1080000.0,270000
roseungju,노승주,여,23000,https://www.instagram.com/roseungju,0.0,3.0,0.0,1.0,4,1080000.0,270000
_hyerimood_,이혜림,여,22966,https://www.instagram.com/_hyerimood_,3.0,2.0,0.0,1.0,6,2040000.0,340000
dandell_e,신다영,여,22000,https://www.instagram.com/dandell_e,3.0,3.0,0.0,0.0,6,1275000.0,212500
yulriee,최은지,여,22000,https://www.instagram.com/yulriee,3.0,2.0,0.0,1.0,6,1530000.0,255000
gimbome,김보미,여,19576,https://www.instagram.com/gimbome,3.0,3.0,0.0,0.0,6,1275000.0,212500
chalaals,조민정,여,19508,https://www.instagram.com/chalaals,3.0,3.0,0.0,0.0,6,1275000.0,212500
miosaysmiao,mio,여,19000,https://www.instagram.com/miosaysmiao,3.0,3.0,,,6,1530000.0,255000
einzxy,은정,여,18000,https://www.instagram.com/einzxy,3.0,3.0,,,6,1530000.0,255000
zizizizizizizizizizizii,한지은,여,17624,https://www.instagram.com/zizizizizizizizizizizii,0.0,3.0,0.0,1.0,4,720000.0,180000
kimzhyeon,김지현,여,16159,https://www.instagram.com/kimzhyeon,3.0,3.0,0.0,0.0,6,1530000.0,255000
welcometosusuworld,채수정,여,16000,https://www.instagram.com/welcometosusuworld,3.0,3.0,,,6,1530000.0,255000
zara_jin,황현진,여,14857,https://www.instagram.com/zara_jin,3.0,3.0,0.0,0.0,6,1530000.0,255000
xuxsxx_kxx,김은선,여,13334,https://www.instagram.com/xuxsxx_kxx,0.0,3.0,0.0,1.0,4,720000.0,180000
keemhyohyun,김효은,여,12779,https://www.instagram.com/keemhyohyun,3.0,3.0,0.0,0.0,6,1683000.0,280500
rimmmy2,림,여,12000,https://www.instagram.com/rimmmy2,3.0,2.0,0.0,1.0,6,1530000.0,255000
wonchichi,원치치,여,11691,https://www.instagram.com/wonchichi,3.0,2.0,0.0,1.0,6,1275000.0,212500
chowk,조우경,여,11549,https://www.instagram.com/chowk,3.0,3.0,0.0,0.0,6,1020000.0,170000
2eesangah,이상아,여,11329,https://www.instagram.com/2eesangah,3.0,2.0,0.0,1.0,6,1530000.0,255000
luckymizili,윤미진,여,336574,https://www.instagram.com/luckymizili,0.0,3.0,2.0,0.0,5,425000.0,85000
hyo0ni,박다현,여,317263,https://www.instagram.com/hyo0ni,0.0,3.0,2.0,0.0,5,2125000.0,425000
yuleumn,열음이네,여,268283,https://www.instagram.com/yuleumn,0.0,0.0,2.0,1.0,3,1620000.0,540000
meenzu_,민주,여,214927,https://www.instagram.com/meenzu_,0.0,0.0,2.0,1.0,3,2700000.0,900000
0.xxyn,유나,여,195000,https://www.instagram.com/0.xxyn,,3.0,2.0,,5,2125000.0,425000
2ppi,윤가혜,여,137716,https://www.instagram.com/2ppi,0.0,2.0,2.0,1.0,5,4675000.0,935000
_haeeden,윤지,여,122994,https://www.instagram.com/_haeeden,0.0,0.0,2.0,1.0,3,2160000.0,720000
nnalovendlessly,나문,여,122428,https://www.instagram.com/nnalovendlessly,0.0,3.0,2.0,0.0,5,1912500.0,382500
kimxeul,김슬,여,122029,https://www.instagram.com/kimxeul,0.0,0.0,2.0,1.0,3,1485000.0,495000
ariuhx,남희라,여,120588,https://www.instagram.com/ariuhx,0.0,2.0,2.0,1.0,5,1912500.0,382500
leehyemin0503,이유애린,여,97881,https://www.instagram.com/leehyemin0503,0.0,3.0,2.0,0.0,5,1700000.0,340000
unetine__,조은해,여,97346,https://www.instagram.com/unetine__,0.0,2.0,2.0,1.0,5,1912500.0,382500
jeooongmirae,전미래,여,95509,https://www.instagram.com/jeooongmirae,0.0,2.0,2.0,1.0,5,2337500.0,467500
c_eeeun,이채은,여,95167,https://www.instagram.com/c_eeeun,0.0,2.0,2.0,1.0,5,2337500.0,467500
jkeely_,윤지원,여,91000,https://www.instagram.com/jkeely_,0.0,3.0,2.0,0.0,5,2550000.0,510000
iue.euii,이유에,여,86609,https://www.instagram.com/iue.euii,0.0,0.0,2.0,1.0,3,2700000.0,900000
park.soi,박소이,여,83704,https://www.instagram.com/park.soi,0.0,0.0,2.0,1.0,3,2025000.0,675000
eunbnim,문은비,여,80636,https://www.instagram.com/eunbnim,0.0,2.0,2.0,1.0,5,1700000.0,340000
ssonggram,송서미,여,77092,https://www.instagram.com/ssonggram,0.0,2.0,2.0,1.0,5,1700000.0,340000
hyobeeen_,한효빈,여,76112,https://www.instagram.com/hyobeeen_,0.0,2.0,2.0,1.0,5,3825000.0,765000
zinniiia_______,채유진,여,72726,https://www.instagram.com/zinniiia_______,0.0,2.0,2.0,1.0,5,1487500.0,297500
ujatea_,황유진,여,62661,https://www.instagram.com/ujatea_,0.0,2.0,2.0,1.0,5,2550000.0,510000
tidy_mi,선미,여,61194,https://www.instagram.com/tidy_mi,0.0,3.0,2.0,0.0,5,2975000.0,595000
nae.ri_,장내리,여,56000,https://www.instagram.com/nae.ri_,0.0,3.0,2.0,0.0,5,2337500.0,467500
maruko_graphy,윤지원,여,52044,https://www.instagram.com/maruko_graphy,0.0,3.0,2.0,0.0,5,1700000.0,340000
ej______je,조은진,여,51081,https://www.instagram.com/ej______je,0.0,3.0,2.0,0.0,5,1700000.0,340000
wanyvelyy,수완,여,43108,https://www.instagram.com/wanyvelyy,0.0,2.0,2.0,1.0,5,637500.0,127500
eunbeee__,조은비,여,42984,https://www.instagram.com/eunbeee__,0.0,2.0,2.0,1.0,5,1912500.0,382500
gilllmin,길민수,여,41131,https://www.instagram.com/gilllmin,0.0,3.0,2.0,0.0,5,1700000.0,340000
dohappyday,이도하,여,41023,https://www.instagram.com/dohappyday,0.0,2.0,2.0,1.0,5,850000.0,170000
rock_cuteberrymochi,김예원,여,39642,https://www.instagram.com/rock_cuteberrymochi,0.0,3.0,2.0,0.0,5,1487500.0,297500
yewo3on,예원,여,39030,https://www.instagram.com/yewo3on,0.0,0.0,2.0,1.0,3,1350000.0,450000
m00__n,문자은,여,36100,https://www.instagram.com/m00__n,0.0,2.0,2.0,1.0,5,1275000.0,255000
y.05_06,김연희,여,31250,https://www.instagram.com/y.05_06,0.0,3.0,2.0,0.0,5,1275000.0,255000
sonmjin,손미진,여,30442,https://www.instagram.com/sonmjin,0.0,3.0,2.0,0.0,5,1551250.0,310250
dsommod,다솜,여,30129,https://www.instagram.com/dsommod,0.0,3.0,2.0,0.0,5,1700000.0,340000
yuuunar,윤아름,여,26000,https://www.instagram.com/yuuunar,0.0,3.0,2.0,0.0,5,1275000.0,255000
haeminik,권해민,여,21470,https://www.instagram.com/haeminik,0.0,2.0,2.0,1.0,5,1062500.0,212500
demisodam_,임소담,여,21046,https://www.instagram.com/demisodam_,0.0,2.0,2.0,1.0,5,1275000.0,255000
jooevie,주이비,여,19810,https://www.instagram.com/jooevie,0.0,2.0,2.0,1.0,5,1402500.0,280500
soeziyu,서지유,여,19715,https://www.instagram.com/soeziyu,0.0,3.0,2.0,0.0,5,637500.0,127500
Noooooooju,노주영,여,17000,https://www.instagram.com/Noooooooju,,3.0,2.0,,5,1062500.0,212500
dahaechoidaki,최다혜,여,14000,https://www.instagram.com/dahaechoidaki,,3.0,2.0,,5,850000.0,170000
xooyony,김주연,여,13000,https://www.instagram.com/xooyony,0.0,3.0,2.0,0.0,5,637500.0,127500
mori.u,김유모리,여,12515,https://www.instagram.com/mori.u,0.0,3.0,2.0,0.0,5,425000.0,85000
onehylove_,onehylove_,여,12000,https://www.instagram.com/onehylove_,0.0,2.0,2.0,1.0,5,1402500.0,280500
yu__hyewon,유혜원,여,457291,https://www.instagram.com/yu__hyewon,0.0,0.0,0.0,3.0,3,1350000.0,450000
zeee.u,지우,여,420893,https://www.instagram.com/zeee.u,0.0,0.0,0.0,3.0,3,4320000.0,1440000
_sxxyeon_,남서연,여,406610,https://www.instagram.com/_sxxyeon_,0.0,0.0,0.0,3.0,3,2970000.0,990000
suexsoo,수,여,347588,https://www.instagram.com/suexsoo,0.0,0.0,0.0,3.0,3,810000.0,270000
dao.ino,김다인,여,302032,https://www.instagram.com/dao.ino,0.0,0.0,0.0,3.0,3,2430000.0,810000
hyanggggg_,hyanggggg_,여,297757,https://www.instagram.com/hyanggggg_,0.0,0.0,0.0,3.0,3,5400000.0,1800000
you.oxx,권지현,여,269000,https://www.instagram.com/you.oxx,0.0,0.0,0.0,3.0,3,,#VALUE!
j___inny,혜진,여,224131,https://www.instagram.com/j___inny,0.0,0.0,0.0,3.0,3,,#VALUE!
gkruddll,하경,여,209961,https://www.instagram.com/gkruddll,0.0,0.0,0.0,3.0,3,1890000.0,630000
bb.se2_,이서,여,169165,https://www.instagram.com/bb.se2_,0.0,0.0,0.0,3.0,3,270000.0,90000
yeahjeans_,김예진,여,157659,https://www.instagram.com/yeahjeans_,0.0,0.0,0.0,3.0,3,3780000.0,1260000
110_771,수지,여,150987,https://www.instagram.com/110_771,0.0,0.0,0.0,3.0,3,,#VALUE!
zeunique_,김지은,여,133000,https://www.instagram.com/zeunique_,0.0,0.0,0.0,3.0,3,2700000.0,900000
yeon.sun,이연선,여,125592,https://www.instagram.com/yeon.sun,0.0,0.0,0.0,3.0,3,,#VALUE!
ttodini,소진,여,119211,https://www.instagram.com/ttodini,0.0,0.0,0.0,3.0,3,1350000.0,450000
ha._.noory,주하늘,여,115517,https://www.instagram.com/ha._.noory,0.0,0.0,0.0,3.0,3,3240000.0,1080000
soheee._.y,김소희,여,113000,https://www.instagram.com/soheee._.y,0.0,0.0,0.0,3.0,3,270000.0,90000
lucia_yang_,양채림,여,101320,https://www.instagram.com/lucia_yang_,0.0,0.0,0.0,3.0,3,540000.0,180000
kang.daeun,강다은,여,100655,https://www.instagram.com/kang.daeun,0.0,0.0,0.0,3.0,3,2160000.0,720000
cjuheee,주희,여,94000,https://www.instagram.com/cjuheee,,,,3.0,3,1890000.0,630000
jin._.loveu,정예진,여,90914,https://www.instagram.com/jin._.loveu,0.0,0.0,0.0,3.0,3,1350000.0,450000
ming._.ee,김민지,여,90338,https://www.instagram.com/ming._.ee,0.0,0.0,0.0,3.0,3,1080000.0,360000
rosierjoo,주연,여,89696,https://www.instagram.com/rosierjoo,0.0,0.0,0.0,3.0,3,,#VALUE!
xxixu._,박지수,여,85579,https://www.instagram.com/xxixu._,0.0,0.0,0.0,3.0,3,1080000.0,360000
nyny0226,김나영,여,83196,https://www.instagram.com/nyny0226,0.0,0.0,0.0,3.0,3,810000.0,270000
ji_.yaaa_,은지,여,74765,https://www.instagram.com/ji_.yaaa_,0.0,0.0,0.0,3.0,3,891000.0,297000
mallow_ksy,김소연,여,71000,https://www.instagram.com/mallow_ksy,0.0,0.0,0.0,3.0,3,1215000.0,405000
26i_woo,연우,여,63000,https://www.instagram.com/26i_woo,0.0,0.0,0.0,3.0,3,675000.0,225000
seo_lovlov,안민서,여,62122,https://www.instagram.com/seo_lovlov,0.0,0.0,0.0,3.0,3,1620000.0,540000
guswnguddn,노현주,여,61319,https://www.instagram.com/guswnguddn,0.0,0.0,0.0,3.0,3,810000.0,270000
_xlluvia,권시우,여,60712,https://www.instagram.com/_xlluvia,0.0,0.0,0.0,3.0,3,1890000.0,630000
jyoun__56,최지원,여,55000,https://www.instagram.com/jyoun__56,0.0,0.0,0.0,3.0,3,810000.0,270000
seo2yun,서윤경,여,54432,https://www.instagram.com/seo2yun,0.0,0.0,0.0,3.0,3,1080000.0,360000
k_yoooon,윤경,여,48671,https://www.instagram.com/k_yoooon,0.0,0.0,0.0,3.0,3,540000.0,180000
___xeri,전혜리,여,47867,https://www.instagram.com/___xeri,0.0,0.0,0.0,3.0,3,1215000.0,405000
hyeeeo.n,정현,여,42000,https://www.instagram.com/hyeeeo.n,0.0,0.0,0.0,3.0,3,,#VALUE!
seoliynne,이서린,여,40316,https://www.instagram.com/seoliynne,0.0,0.0,0.0,3.0,3,1188000.0,396000
ohdayeon_,오다연,여,37820,https://www.instagram.com/ohdayeon_,0.0,0.0,0.0,3.0,3,1485000.0,495000
snowyeunmin,설연민,여,34000,https://www.instagram.com/snowyeunmin,,,,3.0,3,1890000.0,630000
h._cherish,한비야,여,31603,https://www.instagram.com/h._cherish,0.0,0.0,0.0,3.0,3,675000.0,225000
doormin_,문민주,여,30000,https://www.instagram.com/doormin_,0.0,0.0,0.0,3.0,3,,#VALUE!
yxbin__,예빈,여,29000,https://www.instagram.com/yxbin__,0.0,0.0,0.0,3.0,3,,#VALUE!
kimga_green,김가영,여,24000,https://www.instagram.com/kimga_green,0.0,0.0,0.0,3.0,3,405000.0,135000
yunziyoung,윤지영,여,20874,https://www.instagram.com/yunziyoung,0.0,0.0,0.0,3.0,3,891000.0,297000
binibininnn,선빈,여,20000,https://www.instagram.com/binibininnn,3.0,0.0,0.0,1.0,4,1188000.0,297000
yul.o3,율,여,12000,https://www.instagram.com/yul.o3,3.0,0.0,0.0,1.0,4,990000.0,247500
